Step,AgentID,X,Y,Velocity,Current_lane,Is_alive
1,0,0.4,166.66666666666669,[0.00378372 0.        ],2,True
1,1,0.0,166.66666666666669,[0.01090098 0.        ],2,False
1,2,0.01,100.0,[0.05 0.  ],1,True
1,3,0.07,33.333333333333336,[0.2 0. ],0,True
1,4,0.0,33.333333333333336,[0.19007877 0.        ],0,False
2,0,0.9,166.66666666666669,[0.00378372 0.        ],2,True
2,1,0.0,166.66666666666669,[0.01090098 0.        ],2,False
2,2,0.03,100.0,[0.05 0.  ],1,True
2,3,0.21000000000000002,33.333333333333336,[0.2 0. ],0,True
2,4,0.0,33.333333333333336,[0.19007877 0.        ],0,False
3,0,1.4,166.66666666666669,[0.00378372 0.        ],2,True
3,1,0.0,166.66666666666669,[0.01090098 0.        ],2,False
3,2,0.06,100.0,[0.05 0.  ],1,True
3,3,0.41000000000000003,33.333333333333336,[0.2 0. ],0,True
3,4,0.0,33.333333333333336,[0.19007877 0.        ],0,False
4,0,1.9,166.66666666666669,[0.00378372 0.        ],2,True
4,1,0.0,166.66666666666669,[0.01090098 0.        ],2,False
4,2,0.1,100.0,[0.05 0.  ],1,True
4,3,0.6100000000000001,33.333333333333336,[0.2 0. ],0,True
4,4,0.0,33.333333333333336,[0.19007877 0.        ],0,False
5,0,2.4,166.66666666666669,[0.00378372 0.        ],2,True
5,1,0.0,166.66666666666669,[0.01090098 0.        ],2,False
5,2,0.15000000000000002,100.0,[0.05 0.  ],1,True
5,3,0.81,33.333333333333336,[0.2 0. ],0,True
5,4,0.0,33.333333333333336,[0.19007877 0.        ],0,False
6,0,2.9,166.66666666666669,[0.00378372 0.        ],2,True
6,1,0.0,166.66666666666669,[0.01090098 0.        ],2,False
6,2,0.2,100.0,[0.05 0.  ],1,True
6,3,1.01,33.333333333333336,[0.2 0. ],0,True
6,4,0.0,33.333333333333336,[0.19007877 0.        ],0,False
7,0,3.4,166.66666666666669,[0.00378372 0.        ],2,True
7,1,0.0,166.66666666666669,[0.01090098 0.        ],2,False
7,2,0.25,100.0,[0.05 0.  ],1,True
7,3,1.21,33.333333333333336,[0.2 0. ],0,True
7,4,0.0,33.333333333333336,[0.19007877 0.        ],0,False
8,0,3.9,166.66666666666669,[0.00378372 0.        ],2,True
8,1,0.0,166.66666666666669,[0.01090098 0.        ],2,False
8,2,0.3,100.0,[0.05 0.  ],1,True
8,3,1.41,33.333333333333336,[0.2 0. ],0,True
8,4,0.0,33.333333333333336,[0.19007877 0.        ],0,False
9,0,4.4,166.66666666666669,[0.00378372 0.        ],2,True
9,1,0.0,166.66666666666669,[0.01090098 0.        ],2,False
9,2,0.35,100.0,[0.05 0.  ],1,True
9,3,1.6099999999999999,33.333333333333336,[0.2 0. ],0,True
9,4,0.0,33.333333333333336,[0.19007877 0.        ],0,False
10,0,4.9,166.66666666666669,[0.00378372 0.        ],2,True
10,1,0.0,166.66666666666669,[0.01090098 0.        ],2,False
10,2,0.39999999999999997,100.0,[0.05 0.  ],1,True
10,3,1.8099999999999998,33.333333333333336,[0.2 0. ],0,True
10,4,0.0,33.333333333333336,[0.19007877 0.        ],0,False
11,0,5.4,166.66666666666669,[0.00378372 0.        ],2,True
11,1,0.0,166.66666666666669,[0.01090098 0.        ],2,False
11,2,0.44999999999999996,100.0,[0.05 0.  ],1,True
11,3,2.01,33.333333333333336,[0.2 0. ],0,True
11,4,0.0,33.333333333333336,[0.19007877 0.        ],0,False
12,0,5.9,166.66666666666669,[0.00378372 0.        ],2,True
12,1,0.0,166.66666666666669,[0.01090098 0.        ],2,False
12,2,0.49999999999999994,100.0,[0.05 0.  ],1,True
12,3,2.21,33.333333333333336,[0.2 0. ],0,True
12,4,0.0,33.333333333333336,[0.19007877 0.        ],0,False
13,0,6.4,166.66666666666669,[0.00378372 0.        ],2,True
13,1,0.0,166.66666666666669,[0.01090098 0.        ],2,False
13,2,0.5499999999999999,100.0,[0.05 0.  ],1,True
13,3,2.41,33.333333333333336,[0.2 0. ],0,True
13,4,0.0,33.333333333333336,[0.19007877 0.        ],0,False
14,0,6.9,166.66666666666669,[0.00378372 0.        ],2,True
14,1,0.0,166.66666666666669,[0.01090098 0.        ],2,False
14,2,0.6,100.0,[0.05 0.  ],1,True
14,3,2.6100000000000003,33.333333333333336,[0.2 0. ],0,True
14,4,0.0,33.333333333333336,[0.19007877 0.        ],0,False
15,0,7.4,166.66666666666669,[0.00378372 0.        ],2,True
15,1,0.0,166.66666666666669,[0.01090098 0.        ],2,False
15,2,0.65,100.0,[0.05 0.  ],1,True
15,3,2.8100000000000005,33.333333333333336,[0.2 0. ],0,True
15,4,0.0,33.333333333333336,[0.19007877 0.        ],0,False
16,0,7.9,166.66666666666669,[0.00378372 0.        ],2,True
16,1,0.0,166.66666666666669,[0.01090098 0.        ],2,False
16,2,0.7000000000000001,100.0,[0.05 0.  ],1,True
16,3,3.0100000000000007,33.333333333333336,[0.2 0. ],0,True
16,4,0.0,33.333333333333336,[0.19007877 0.        ],0,False
17,0,8.4,166.66666666666669,[0.00378372 0.        ],2,True
17,1,0.0,166.66666666666669,[0.01090098 0.        ],2,False
17,2,0.7500000000000001,100.0,[0.05 0.  ],1,True
17,3,3.210000000000001,33.333333333333336,[0.2 0. ],0,True
17,4,0.0,33.333333333333336,[0.19007877 0.        ],0,False
18,0,8.9,166.66666666666669,[0.00378372 0.        ],2,True
18,1,0.0,166.66666666666669,[0.01090098 0.        ],2,False
18,2,0.8000000000000002,100.0,[0.05 0.  ],1,True
18,3,3.410000000000001,33.333333333333336,[0.2 0. ],0,True
18,4,0.0,33.333333333333336,[0.19007877 0.        ],0,False
19,0,9.4,166.66666666666669,[0.00378372 0.        ],2,True
19,1,0.0,166.66666666666669,[0.01090098 0.        ],2,False
19,2,0.8500000000000002,100.0,[0.05 0.  ],1,True
19,3,3.610000000000001,33.333333333333336,[0.2 0. ],0,True
19,4,0.0,33.333333333333336,[0.19007877 0.        ],0,False
20,0,9.9,166.66666666666669,[0.00378372 0.        ],2,True
20,1,0.0,166.66666666666669,[0.01090098 0.        ],2,False
20,2,0.9000000000000002,100.0,[0.05 0.  ],1,True
20,3,3.8100000000000014,33.333333333333336,[0.2 0. ],0,True
20,4,0.0,33.333333333333336,[0.19007877 0.        ],0,False
21,0,10.4,166.66666666666669,[0.00378372 0.        ],2,True
21,1,0.0,166.66666666666669,[0.01090098 0.        ],2,False
21,2,0.9500000000000003,100.0,[0.05 0.  ],1,True
21,3,4.010000000000002,33.333333333333336,[0.2 0. ],0,True
21,4,0.0,33.333333333333336,[0.19007877 0.        ],0,False
22,0,10.9,166.66666666666669,[0.00378372 0.        ],2,True
22,1,0.0,166.66666666666669,[0.01090098 0.        ],2,False
22,2,1.0000000000000002,100.0,[0.05 0.  ],1,True
22,3,4.210000000000002,33.333333333333336,[0.2 0. ],0,True
22,4,0.0,33.333333333333336,[0.19007877 0.        ],0,False
23,0,11.4,166.66666666666669,[0.00378372 0.        ],2,True
23,1,0.0,166.66666666666669,[0.01090098 0.        ],2,False
23,2,1.0500000000000003,100.0,[0.05 0.  ],1,True
23,3,4.410000000000002,33.333333333333336,[0.2 0. ],0,True
23,4,0.0,33.333333333333336,[0.19007877 0.        ],0,False
24,0,11.9,166.66666666666669,[0.00378372 0.        ],2,True
24,1,0.0,166.66666666666669,[0.01090098 0.        ],2,False
24,2,1.1000000000000003,100.0,[0.05 0.  ],1,True
24,3,4.610000000000002,33.333333333333336,[0.2 0. ],0,True
24,4,0.0,33.333333333333336,[0.19007877 0.        ],0,False
25,0,12.4,166.66666666666669,[0.00378372 0.        ],2,True
25,1,0.0,166.66666666666669,[0.01090098 0.        ],2,False
25,2,1.1500000000000004,100.0,[0.05 0.  ],1,True
25,3,4.810000000000002,33.333333333333336,[0.2 0. ],0,True
25,4,0.0,33.333333333333336,[0.19007877 0.        ],0,False
26,0,12.9,166.66666666666669,[0.00378372 0.        ],2,True
26,1,0.0,166.66666666666669,[0.01090098 0.        ],2,False
26,2,1.2000000000000004,100.0,[0.05 0.  ],1,True
26,3,5.0100000000000025,33.333333333333336,[0.2 0. ],0,True
26,4,0.0,33.333333333333336,[0.19007877 0.        ],0,False
27,0,13.4,166.66666666666669,[0.00378372 0.        ],2,True
27,1,0.0,166.66666666666669,[0.01090098 0.        ],2,False
27,2,1.2500000000000004,100.0,[0.05 0.  ],1,True
27,3,5.210000000000003,33.333333333333336,[0.2 0. ],0,True
27,4,0.0,33.333333333333336,[0.19007877 0.        ],0,False
28,0,13.9,166.66666666666669,[0.00378372 0.        ],2,True
28,1,0.0,166.66666666666669,[0.01090098 0.        ],2,False
28,2,1.3000000000000005,100.0,[0.05 0.  ],1,True
28,3,5.410000000000003,33.333333333333336,[0.2 0. ],0,True
28,4,0.0,33.333333333333336,[0.19007877 0.        ],0,False
29,0,14.4,166.66666666666669,[0.00378372 0.        ],2,True
29,1,0.0,166.66666666666669,[0.01090098 0.        ],2,False
29,2,1.3500000000000005,100.0,[0.05 0.  ],1,True
29,3,5.610000000000003,33.333333333333336,[0.2 0. ],0,True
29,4,0.0,33.333333333333336,[0.19007877 0.        ],0,False
30,0,14.9,166.66666666666669,[0.00378372 0.        ],2,True
30,1,0.0,166.66666666666669,[0.01090098 0.        ],2,False
30,2,1.4000000000000006,100.0,[0.05 0.  ],1,True
30,3,5.810000000000003,33.333333333333336,[0.2 0. ],0,True
30,4,0.0,33.333333333333336,[0.19007877 0.        ],0,False
31,0,15.4,166.66666666666669,[0.00378372 0.        ],2,True
31,1,0.0,166.66666666666669,[0.01090098 0.        ],2,False
31,2,1.4500000000000006,100.0,[0.05 0.  ],1,True
31,3,6.010000000000003,33.333333333333336,[0.2 0. ],0,True
31,4,0.0,33.333333333333336,[0.19007877 0.        ],0,False
32,0,15.9,166.66666666666669,[0.00378372 0.        ],2,True
32,1,0.0,166.66666666666669,[0.01090098 0.        ],2,False
32,2,1.5000000000000007,100.0,[0.05 0.  ],1,True
32,3,6.2100000000000035,33.333333333333336,[0.2 0. ],0,True
32,4,0.0,33.333333333333336,[0.19007877 0.        ],0,False
33,0,16.4,166.66666666666669,[0.00378372 0.        ],2,True
33,1,0.0,166.66666666666669,[0.01090098 0.        ],2,False
33,2,1.5500000000000007,100.0,[0.05 0.  ],1,True
33,3,6.410000000000004,33.333333333333336,[0.2 0. ],0,True
33,4,0.0,33.333333333333336,[0.19007877 0.        ],0,False
34,0,16.9,166.66666666666669,[0.00378372 0.        ],2,True
34,1,0.0,166.66666666666669,[0.01090098 0.        ],2,False
34,2,1.6000000000000008,100.0,[0.05 0.  ],1,True
34,3,6.610000000000004,33.333333333333336,[0.2 0. ],0,True
34,4,0.0,33.333333333333336,[0.19007877 0.        ],0,False
35,0,17.4,166.66666666666669,[0.00378372 0.        ],2,True
35,1,0.0,166.66666666666669,[0.01090098 0.        ],2,False
35,2,1.6500000000000008,100.0,[0.05 0.  ],1,True
35,3,6.810000000000004,33.333333333333336,[0.2 0. ],0,True
35,4,0.0,33.333333333333336,[0.19007877 0.        ],0,False
36,0,17.9,166.66666666666669,[0.00378372 0.        ],2,True
36,1,0.0,166.66666666666669,[0.01090098 0.        ],2,False
36,2,1.7000000000000008,100.0,[0.05 0.  ],1,True
36,3,7.010000000000004,33.333333333333336,[0.2 0. ],0,True
36,4,0.0,33.333333333333336,[0.19007877 0.        ],0,False
37,0,18.4,166.66666666666669,[0.00378372 0.        ],2,True
37,1,0.0,166.66666666666669,[0.01090098 0.        ],2,False
37,2,1.7500000000000009,100.0,[0.05 0.  ],1,True
37,3,7.210000000000004,33.333333333333336,[0.2 0. ],0,True
37,4,0.0,33.333333333333336,[0.19007877 0.        ],0,False
38,0,18.9,166.66666666666669,[0.00378372 0.        ],2,True
38,1,0.0,166.66666666666669,[0.01090098 0.        ],2,False
38,2,1.800000000000001,100.0,[0.05 0.  ],1,True
38,3,7.410000000000005,33.333333333333336,[0.2 0. ],0,True
38,4,0.0,33.333333333333336,[0.19007877 0.        ],0,False
39,0,19.4,166.66666666666669,[0.00378372 0.        ],2,True
39,1,0.0,166.66666666666669,[0.01090098 0.        ],2,False
39,2,1.850000000000001,100.0,[0.05 0.  ],1,True
39,3,7.610000000000005,33.333333333333336,[0.2 0. ],0,True
39,4,0.0,33.333333333333336,[0.19007877 0.        ],0,False
40,0,19.9,166.66666666666669,[0.00378372 0.        ],2,True
40,1,0.0,166.66666666666669,[0.01090098 0.        ],2,False
40,2,1.900000000000001,100.0,[0.05 0.  ],1,True
40,3,7.810000000000005,33.333333333333336,[0.2 0. ],0,True
40,4,0.0,33.333333333333336,[0.19007877 0.        ],0,False
41,0,20.4,166.66666666666669,[0.00378372 0.        ],2,True
41,1,0.0,166.66666666666669,[0.01090098 0.        ],2,False
41,2,1.950000000000001,100.0,[0.05 0.  ],1,True
41,3,8.010000000000005,33.333333333333336,[0.2 0. ],0,True
41,4,0.0,33.333333333333336,[0.19007877 0.        ],0,False
42,0,20.9,166.66666666666669,[0.00378372 0.        ],2,True
42,1,0.0,166.66666666666669,[0.01090098 0.        ],2,False
42,2,2.000000000000001,100.0,[0.05 0.  ],1,True
42,3,8.210000000000004,33.333333333333336,[0.2 0. ],0,True
42,4,0.0,33.333333333333336,[0.19007877 0.        ],0,False
43,0,21.4,166.66666666666669,[0.00378372 0.        ],2,True
43,1,0.0,166.66666666666669,[0.01090098 0.        ],2,False
43,2,2.0500000000000007,100.0,[0.05 0.  ],1,True
43,3,8.410000000000004,33.333333333333336,[0.2 0. ],0,True
43,4,0.0,33.333333333333336,[0.19007877 0.        ],0,False
44,0,21.9,166.66666666666669,[0.00378372 0.        ],2,True
44,1,0.0,166.66666666666669,[0.01090098 0.        ],2,False
44,2,2.1000000000000005,100.0,[0.05 0.  ],1,True
44,3,8.610000000000003,33.333333333333336,[0.2 0. ],0,True
44,4,0.0,33.333333333333336,[0.19007877 0.        ],0,False
45,0,22.4,166.66666666666669,[0.00378372 0.        ],2,True
45,1,0.0,166.66666666666669,[0.01090098 0.        ],2,False
45,2,2.1500000000000004,100.0,[0.05 0.  ],1,True
45,3,8.810000000000002,33.333333333333336,[0.2 0. ],0,True
45,4,0.0,33.333333333333336,[0.19007877 0.        ],0,False
46,0,22.9,166.66666666666669,[0.00378372 0.        ],2,True
46,1,0.0,166.66666666666669,[0.01090098 0.        ],2,False
46,2,2.2,100.0,[0.05 0.  ],1,True
46,3,9.010000000000002,33.333333333333336,[0.2 0. ],0,True
46,4,0.0,33.333333333333336,[0.19007877 0.        ],0,False
47,0,23.4,166.66666666666669,[0.00378372 0.        ],2,True
47,1,0.0,166.66666666666669,[0.01090098 0.        ],2,False
47,2,2.25,100.0,[0.05 0.  ],1,True
47,3,9.21,33.333333333333336,[0.2 0. ],0,True
47,4,0.0,33.333333333333336,[0.19007877 0.        ],0,False
48,0,23.9,166.66666666666669,[0.00378372 0.        ],2,True
48,1,0.0,166.66666666666669,[0.01090098 0.        ],2,False
48,2,2.3,100.0,[0.05 0.  ],1,True
48,3,9.41,33.333333333333336,[0.2 0. ],0,True
48,4,0.0,33.333333333333336,[0.19007877 0.        ],0,False
49,0,24.4,166.66666666666669,[0.00378372 0.        ],2,True
49,1,0.0,166.66666666666669,[0.01090098 0.        ],2,False
49,2,2.3499999999999996,100.0,[0.05 0.  ],1,True
49,3,9.61,33.333333333333336,[0.2 0. ],0,True
49,4,0.0,33.333333333333336,[0.19007877 0.        ],0,False
50,0,24.9,166.66666666666669,[0.00378372 0.        ],2,True
50,1,0.0,166.66666666666669,[0.01090098 0.        ],2,False
50,2,2.3999999999999995,100.0,[0.05 0.  ],1,True
50,3,9.809999999999999,33.333333333333336,[0.2 0. ],0,True
50,4,0.0,33.333333333333336,[0.19007877 0.        ],0,False
51,0,25.4,166.66666666666669,[0.00378372 0.        ],2,True
51,1,0.0,166.66666666666669,[0.01090098 0.        ],2,False
51,2,2.4499999999999993,100.0,[0.05 0.  ],1,True
51,3,10.009999999999998,33.333333333333336,[0.2 0. ],0,True
51,4,0.0,33.333333333333336,[0.19007877 0.        ],0,False
52,0,25.9,166.66666666666669,[0.00378372 0.        ],2,True
52,1,0.0,166.66666666666669,[0.01090098 0.        ],2,False
52,2,2.499999999999999,100.0,[0.05 0.  ],1,True
52,3,10.209999999999997,33.333333333333336,[0.2 0. ],0,True
52,4,0.0,33.333333333333336,[0.19007877 0.        ],0,False
53,0,26.4,166.66666666666669,[0.00378372 0.        ],2,True
53,1,0.0,166.66666666666669,[0.01090098 0.        ],2,False
53,2,2.549999999999999,100.0,[0.05 0.  ],1,True
53,3,10.409999999999997,33.333333333333336,[0.2 0. ],0,True
53,4,0.0,33.333333333333336,[0.19007877 0.        ],0,False
54,0,26.9,166.66666666666669,[0.00378372 0.        ],2,True
54,1,0.0,166.66666666666669,[0.01090098 0.        ],2,False
54,2,2.5999999999999988,100.0,[0.05 0.  ],1,True
54,3,10.609999999999996,33.333333333333336,[0.2 0. ],0,True
54,4,0.0,33.333333333333336,[0.19007877 0.        ],0,False
55,0,27.4,166.66666666666669,[0.00378372 0.        ],2,True
55,1,0.0,166.66666666666669,[0.01090098 0.        ],2,False
55,2,2.6499999999999986,100.0,[0.05 0.  ],1,True
55,3,10.809999999999995,33.333333333333336,[0.2 0. ],0,True
55,4,0.0,33.333333333333336,[0.19007877 0.        ],0,False
56,0,27.9,166.66666666666669,[0.00378372 0.        ],2,True
56,1,0.0,166.66666666666669,[0.01090098 0.        ],2,False
56,2,2.6999999999999984,100.0,[0.05 0.  ],1,True
56,3,11.009999999999994,33.333333333333336,[0.2 0. ],0,True
56,4,0.0,33.333333333333336,[0.19007877 0.        ],0,False
57,0,28.4,166.66666666666669,[0.00378372 0.        ],2,True
57,1,0.0,166.66666666666669,[0.01090098 0.        ],2,False
57,2,2.7499999999999982,100.0,[0.05 0.  ],1,True
57,3,11.209999999999994,33.333333333333336,[0.2 0. ],0,True
57,4,0.0,33.333333333333336,[0.19007877 0.        ],0,False
58,0,28.9,166.66666666666669,[0.00378372 0.        ],2,True
58,1,0.0,166.66666666666669,[0.01090098 0.        ],2,False
58,2,2.799999999999998,100.0,[0.05 0.  ],1,True
58,3,11.409999999999993,33.333333333333336,[0.2 0. ],0,True
58,4,0.0,33.333333333333336,[0.19007877 0.        ],0,False
59,0,29.4,166.66666666666669,[0.00378372 0.        ],2,True
59,1,0.0,166.66666666666669,[0.01090098 0.        ],2,False
59,2,2.849999999999998,100.0,[0.05 0.  ],1,True
59,3,11.609999999999992,33.333333333333336,[0.2 0. ],0,True
59,4,0.0,33.333333333333336,[0.19007877 0.        ],0,False
60,0,29.9,166.66666666666669,[0.00378372 0.        ],2,True
60,1,0.0,166.66666666666669,[0.01090098 0.        ],2,False
60,2,2.8999999999999977,100.0,[0.05 0.  ],1,True
60,3,11.809999999999992,33.333333333333336,[0.2 0. ],0,True
60,4,0.0,33.333333333333336,[0.19007877 0.        ],0,False
61,0,30.4,166.66666666666669,[0.00378372 0.        ],2,True
61,1,0.0,166.66666666666669,[0.01090098 0.        ],2,False
61,2,2.9499999999999975,100.0,[0.05 0.  ],1,True
61,3,12.009999999999991,33.333333333333336,[0.2 0. ],0,True
61,4,0.0,33.333333333333336,[0.19007877 0.        ],0,False
62,0,30.9,166.66666666666669,[0.00378372 0.        ],2,True
62,1,0.0,166.66666666666669,[0.01090098 0.        ],2,False
62,2,2.9999999999999973,100.0,[0.05 0.  ],1,True
62,3,12.20999999999999,33.333333333333336,[0.2 0. ],0,True
62,4,0.0,33.333333333333336,[0.19007877 0.        ],0,False
63,0,31.4,166.66666666666669,[0.00378372 0.        ],2,True
63,1,0.0,166.66666666666669,[0.01090098 0.        ],2,False
63,2,3.049999999999997,100.0,[0.05 0.  ],1,True
63,3,12.40999999999999,33.333333333333336,[0.2 0. ],0,True
63,4,0.0,33.333333333333336,[0.19007877 0.        ],0,False
64,0,31.9,166.66666666666669,[0.00378372 0.        ],2,True
64,1,0.0,166.66666666666669,[0.01090098 0.        ],2,False
64,2,3.099999999999997,100.0,[0.05 0.  ],1,True
64,3,12.609999999999989,33.333333333333336,[0.2 0. ],0,True
64,4,0.0,33.333333333333336,[0.19007877 0.        ],0,False
65,0,32.4,166.66666666666669,[0.00378372 0.        ],2,True
65,1,0.0,166.66666666666669,[0.01090098 0.        ],2,False
65,2,3.149999999999997,100.0,[0.05 0.  ],1,True
65,3,12.809999999999988,33.333333333333336,[0.2 0. ],0,True
65,4,0.0,33.333333333333336,[0.19007877 0.        ],0,False
66,0,32.9,166.66666666666669,[0.00378372 0.        ],2,True
66,1,0.0,166.66666666666669,[0.01090098 0.        ],2,False
66,2,3.1999999999999966,100.0,[0.05 0.  ],1,True
66,3,13.009999999999987,33.333333333333336,[0.2 0. ],0,True
66,4,0.0,33.333333333333336,[0.19007877 0.        ],0,False
67,0,33.4,166.66666666666669,[0.00378372 0.        ],2,True
67,1,0.0,166.66666666666669,[0.01090098 0.        ],2,False
67,2,3.2499999999999964,100.0,[0.05 0.  ],1,True
67,3,13.209999999999987,33.333333333333336,[0.2 0. ],0,True
67,4,0.0,33.333333333333336,[0.19007877 0.        ],0,False
68,0,33.9,166.66666666666669,[0.00378372 0.        ],2,True
68,1,0.0,166.66666666666669,[0.01090098 0.        ],2,False
68,2,3.2999999999999963,100.0,[0.05 0.  ],1,True
68,3,13.409999999999986,33.333333333333336,[0.2 0. ],0,True
68,4,0.0,33.333333333333336,[0.19007877 0.        ],0,False
69,0,34.4,166.66666666666669,[0.00378372 0.        ],2,True
69,1,0.0,166.66666666666669,[0.01090098 0.        ],2,False
69,2,3.349999999999996,100.0,[0.05 0.  ],1,True
69,3,13.609999999999985,33.333333333333336,[0.2 0. ],0,True
69,4,0.0,33.333333333333336,[0.19007877 0.        ],0,False
70,0,34.9,166.66666666666669,[0.00378372 0.        ],2,True
70,1,0.0,166.66666666666669,[0.01090098 0.        ],2,False
70,2,3.399999999999996,100.0,[0.05 0.  ],1,True
70,3,13.809999999999985,33.333333333333336,[0.2 0. ],0,True
70,4,0.0,33.333333333333336,[0.19007877 0.        ],0,False
71,0,35.4,166.66666666666669,[0.00378372 0.        ],2,True
71,1,0.0,166.66666666666669,[0.01090098 0.        ],2,False
71,2,3.4499999999999957,100.0,[0.05 0.  ],1,True
71,3,14.009999999999984,33.333333333333336,[0.2 0. ],0,True
71,4,0.0,33.333333333333336,[0.19007877 0.        ],0,False
72,0,35.9,166.66666666666669,[0.00378372 0.        ],2,True
72,1,0.0,166.66666666666669,[0.01090098 0.        ],2,False
72,2,3.4999999999999956,100.0,[0.05 0.  ],1,True
72,3,14.209999999999983,33.333333333333336,[0.2 0. ],0,True
72,4,0.0,33.333333333333336,[0.19007877 0.        ],0,False
73,0,36.4,166.66666666666669,[0.00378372 0.        ],2,True
73,1,0.0,166.66666666666669,[0.01090098 0.        ],2,False
73,2,3.5499999999999954,100.0,[0.05 0.  ],1,True
73,3,14.409999999999982,33.333333333333336,[0.2 0. ],0,True
73,4,0.0,33.333333333333336,[0.19007877 0.        ],0,False
74,0,36.9,166.66666666666669,[0.00378372 0.        ],2,True
74,1,0.0,166.66666666666669,[0.01090098 0.        ],2,False
74,2,3.599999999999995,100.0,[0.05 0.  ],1,True
74,3,14.609999999999982,33.333333333333336,[0.2 0. ],0,True
74,4,0.0,33.333333333333336,[0.19007877 0.        ],0,False
75,0,37.4,166.66666666666669,[0.00378372 0.        ],2,True
75,1,0.0,166.66666666666669,[0.01090098 0.        ],2,False
75,2,3.649999999999995,100.0,[0.05 0.  ],1,True
75,3,14.809999999999981,33.333333333333336,[0.2 0. ],0,True
75,4,0.0,33.333333333333336,[0.19007877 0.        ],0,False
76,0,37.9,166.66666666666669,[0.00378372 0.        ],2,True
76,1,0.0,166.66666666666669,[0.01090098 0.        ],2,False
76,2,3.699999999999995,100.0,[0.05 0.  ],1,True
76,3,15.00999999999998,33.333333333333336,[0.2 0. ],0,True
76,4,0.0,33.333333333333336,[0.19007877 0.        ],0,False
77,0,38.4,166.66666666666669,[0.00378372 0.        ],2,True
77,1,0.0,166.66666666666669,[0.01090098 0.        ],2,False
77,2,3.7499999999999947,100.0,[0.05 0.  ],1,True
77,3,15.20999999999998,33.333333333333336,[0.2 0. ],0,True
77,4,0.0,33.333333333333336,[0.19007877 0.        ],0,False
78,0,38.9,166.66666666666669,[0.00378372 0.        ],2,True
78,1,0.0,166.66666666666669,[0.01090098 0.        ],2,False
78,2,3.7999999999999945,100.0,[0.05 0.  ],1,True
78,3,15.409999999999979,33.333333333333336,[0.2 0. ],0,True
78,4,0.0,33.333333333333336,[0.19007877 0.        ],0,False
79,0,39.4,166.66666666666669,[0.00378372 0.        ],2,True
79,1,0.0,166.66666666666669,[0.01090098 0.        ],2,False
79,2,3.8499999999999943,100.0,[0.05 0.  ],1,True
79,3,15.609999999999978,33.333333333333336,[0.2 0. ],0,True
79,4,0.0,33.333333333333336,[0.19007877 0.        ],0,False
80,0,39.9,166.66666666666669,[0.00378372 0.        ],2,True
80,1,0.0,166.66666666666669,[0.01090098 0.        ],2,False
80,2,3.899999999999994,100.0,[0.05 0.  ],1,True
80,3,15.809999999999977,33.333333333333336,[0.2 0. ],0,True
80,4,0.0,33.333333333333336,[0.19007877 0.        ],0,False
81,0,40.4,166.66666666666669,[0.00378372 0.        ],2,True
81,1,0.0,166.66666666666669,[0.01090098 0.        ],2,False
81,2,3.949999999999994,100.0,[0.05 0.  ],1,True
81,3,16.009999999999977,33.333333333333336,[0.2 0. ],0,True
81,4,0.0,33.333333333333336,[0.19007877 0.        ],0,False
82,0,40.9,166.66666666666669,[0.00378372 0.        ],2,True
82,1,0.0,166.66666666666669,[0.01090098 0.        ],2,False
82,2,3.999999999999994,100.0,[0.05 0.  ],1,True
82,3,16.209999999999976,33.333333333333336,[0.2 0. ],0,True
82,4,0.0,33.333333333333336,[0.19007877 0.        ],0,False
83,0,41.4,166.66666666666669,[0.00378372 0.        ],2,True
83,1,0.0,166.66666666666669,[0.01090098 0.        ],2,False
83,2,4.049999999999994,100.0,[0.05 0.  ],1,True
83,3,16.409999999999975,33.333333333333336,[0.2 0. ],0,True
83,4,0.0,33.333333333333336,[0.19007877 0.        ],0,False
84,0,41.9,166.66666666666669,[0.00378372 0.        ],2,True
84,1,0.0,166.66666666666669,[0.01090098 0.        ],2,False
84,2,4.099999999999993,100.0,[0.05 0.  ],1,True
84,3,16.609999999999975,33.333333333333336,[0.2 0. ],0,True
84,4,0.0,33.333333333333336,[0.19007877 0.        ],0,False
85,0,42.4,166.66666666666669,[0.00378372 0.        ],2,True
85,1,0.0,166.66666666666669,[0.01090098 0.        ],2,False
85,2,4.149999999999993,100.0,[0.05 0.  ],1,True
85,3,16.809999999999974,33.333333333333336,[0.2 0. ],0,True
85,4,0.0,33.333333333333336,[0.19007877 0.        ],0,False
86,0,42.9,166.66666666666669,[0.00378372 0.        ],2,True
86,1,0.0,166.66666666666669,[0.01090098 0.        ],2,False
86,2,4.199999999999993,100.0,[0.05 0.  ],1,True
86,3,17.009999999999973,33.333333333333336,[0.2 0. ],0,True
86,4,0.0,33.333333333333336,[0.19007877 0.        ],0,False
87,0,43.4,166.66666666666669,[0.00378372 0.        ],2,True
87,1,0.0,166.66666666666669,[0.01090098 0.        ],2,False
87,2,4.249999999999993,100.0,[0.05 0.  ],1,True
87,3,17.209999999999972,33.333333333333336,[0.2 0. ],0,True
87,4,0.0,33.333333333333336,[0.19007877 0.        ],0,False
88,0,43.9,166.66666666666669,[0.00378372 0.        ],2,True
88,1,0.0,166.66666666666669,[0.01090098 0.        ],2,False
88,2,4.299999999999993,100.0,[0.05 0.  ],1,True
88,3,17.40999999999997,33.333333333333336,[0.2 0. ],0,True
88,4,0.0,33.333333333333336,[0.19007877 0.        ],0,False
89,0,44.39999999999999,166.66666666666669,[0.00378372 0.        ],2,True
89,1,0.0,166.66666666666669,[0.01090098 0.        ],2,False
89,2,4.3499999999999925,100.0,[0.05 0.  ],1,True
89,3,17.60999999999997,33.333333333333336,[0.2 0. ],0,True
89,4,0.0,33.333333333333336,[0.19007877 0.        ],0,False
90,0,44.89999999999998,166.66666666666669,[0.00378372 0.        ],2,True
90,1,0.0,166.66666666666669,[0.01090098 0.        ],2,False
90,2,4.399999999999992,100.0,[0.05 0.  ],1,True
90,3,17.80999999999997,33.333333333333336,[0.2 0. ],0,True
90,4,0.0,33.333333333333336,[0.19007877 0.        ],0,False
91,0,45.39999999999994,166.66666666666669,[0.00378372 0.        ],2,True
91,1,0.0,166.66666666666669,[0.01090098 0.        ],2,False
91,2,4.449999999999992,100.0,[0.05 0.  ],1,True
91,3,18.00999999999997,33.333333333333336,[0.2 0. ],0,True
91,4,0.0,33.333333333333336,[0.19007877 0.        ],0,False
92,0,45.899999999999835,166.66666666666669,[0.00378372 0.        ],2,True
92,1,0.0,166.66666666666669,[0.01090098 0.        ],2,False
92,2,4.499999999999992,100.0,[0.05 0.  ],1,True
92,3,18.20999999999997,33.333333333333336,[0.2 0. ],0,True
92,4,0.0,33.333333333333336,[0.19007877 0.        ],0,False
93,0,46.39999999999955,166.66666666666669,[0.00378372 0.        ],2,True
93,1,0.0,166.66666666666669,[0.01090098 0.        ],2,False
93,2,4.549999999999992,100.0,[0.05 0.  ],1,True
93,3,18.409999999999968,33.333333333333336,[0.2 0. ],0,True
93,4,0.0,33.333333333333336,[0.19007877 0.        ],0,False
94,0,46.89999999999878,166.66666666666669,[0.00378372 0.        ],2,True
94,1,0.0,166.66666666666669,[0.01090098 0.        ],2,False
94,2,4.599999999999992,100.0,[0.05 0.  ],1,True
94,3,18.609999999999967,33.333333333333336,[0.2 0. ],0,True
94,4,0.0,33.333333333333336,[0.19007877 0.        ],0,False
95,0,47.399999999996695,166.66666666666669,[0.00378372 0.        ],2,True
95,1,0.0,166.66666666666669,[0.01090098 0.        ],2,False
95,2,4.6499999999999915,100.0,[0.05 0.  ],1,True
95,3,18.809999999999967,33.333333333333336,[0.2 0. ],0,True
95,4,0.0,33.333333333333336,[0.19007877 0.        ],0,False
96,0,47.89999999999101,166.66666666666669,[0.00378372 0.        ],2,True
96,1,0.0,166.66666666666669,[0.01090098 0.        ],2,False
96,2,4.699999999999991,100.0,[0.05 0.  ],1,True
96,3,19.009999999999966,33.333333333333336,[0.2 0. ],0,True
96,4,0.0,33.333333333333336,[0.19007877 0.        ],0,False
97,0,48.399999999975556,166.66666666666669,[0.00378372 0.        ],2,True
97,1,0.0,166.66666666666669,[0.01090098 0.        ],2,False
97,2,4.749999999999991,100.0,[0.05 0.  ],1,True
97,3,19.209999999999965,33.333333333333336,[0.2 0. ],0,True
97,4,0.0,33.333333333333336,[0.19007877 0.        ],0,False
98,0,48.89999999993355,166.66666666666669,[0.00378372 0.        ],2,True
98,1,0.0,166.66666666666669,[0.01090098 0.        ],2,False
98,2,4.799999999999991,100.0,[0.05 0.  ],1,True
98,3,19.409999999999965,33.333333333333336,[0.2 0. ],0,True
98,4,0.0,33.333333333333336,[0.19007877 0.        ],0,False
99,0,49.39999999981936,166.66666666666669,[0.00378372 0.        ],2,True
99,1,0.0,166.66666666666669,[0.01090098 0.        ],2,False
99,2,4.849999999999991,100.0,[0.05 0.  ],1,True
99,3,19.609999999999964,33.333333333333336,[0.2 0. ],0,True
99,4,0.0,33.333333333333336,[0.19007877 0.        ],0,False
100,0,49.89999999950896,166.66666666666669,[0.00378372 0.        ],2,True
100,1,0.0,166.66666666666669,[0.01090098 0.        ],2,False
100,2,4.899999999999991,100.0,[0.05 0.  ],1,True
100,3,19.809999999999963,33.333333333333336,[0.2 0. ],0,True
100,4,0.0,33.333333333333336,[0.19007877 0.        ],0,False
101,0,50.399999998665194,166.66666666666669,[0.00378372 0.        ],2,True
101,1,0.0,166.66666666666669,[0.01090098 0.        ],2,False
101,2,4.94999999999999,100.0,[0.05 0.  ],1,True
101,3,20.009999999999962,33.333333333333336,[0.2 0. ],0,True
101,4,0.0,33.333333333333336,[0.19007877 0.        ],0,False
102,0,50.899999996371605,166.66666666666669,[0.00378372 0.        ],2,True
102,1,0.0,166.66666666666669,[0.01090098 0.        ],2,False
102,2,4.99999999999999,100.0,[0.05 0.  ],1,True
102,3,20.20999999999996,33.333333333333336,[0.2 0. ],0,True
102,4,0.0,33.333333333333336,[0.19007877 0.        ],0,False
103,0,51.399999990136976,166.66666666666669,[0.00378372 0.        ],2,True
103,1,0.0,166.66666666666669,[0.01090098 0.        ],2,False
103,2,5.04999999999999,100.0,[0.05 0.  ],1,True
103,3,20.40999999999996,33.333333333333336,[0.2 0. ],0,True
103,4,0.0,33.333333333333336,[0.19007877 0.        ],0,False
104,0,51.89999997318951,166.66666666666669,[0.00378372 0.        ],2,True
104,1,0.0,166.66666666666669,[0.01090098 0.        ],2,False
104,2,5.09999999999999,100.0,[0.05 0.  ],1,True
104,3,20.60999999999996,33.333333333333336,[0.2 0. ],0,True
104,4,0.0,33.333333333333336,[0.19007877 0.        ],0,False
105,0,52.39999992712151,166.66666666666669,[0.00378372 0.        ],2,True
105,1,0.0,166.66666666666669,[0.01090098 0.        ],2,False
105,2,5.14999999999999,100.0,[0.05 0.  ],1,True
105,3,20.80999999999996,33.333333333333336,[0.2 0. ],0,True
105,4,0.0,33.333333333333336,[0.19007877 0.        ],0,False
106,0,52.899999801895746,166.66666666666669,[0.00378372 0.        ],2,True
106,1,0.0,166.66666666666669,[0.01090098 0.        ],2,False
106,2,5.1999999999999895,100.0,[0.05 0.  ],1,True
106,3,21.00999999999996,33.333333333333336,[0.2 0. ],0,True
106,4,0.0,33.333333333333336,[0.19007877 0.        ],0,False
107,0,53.399999461497046,166.66666666666669,[0.00378372 0.        ],2,True
107,1,0.0,166.66666666666669,[0.01090098 0.        ],2,False
107,2,5.249999999999989,100.0,[0.05 0.  ],1,True
107,3,21.209999999999958,33.333333333333336,[0.2 0. ],0,True
107,4,0.0,33.333333333333336,[0.19007877 0.        ],0,False
108,0,53.899998536199156,166.66666666666669,[0.00378372 0.        ],2,True
108,1,0.0,166.66666666666669,[0.01090098 0.        ],2,False
108,2,5.299999999999989,100.0,[0.05 0.  ],1,True
108,3,21.409999999999958,33.333333333333336,[0.2 0. ],0,True
108,4,0.0,33.333333333333336,[0.19007877 0.        ],0,False
109,0,54.39999602099137,166.66666666666669,[0.00378372 0.        ],2,True
109,1,0.0,166.66666666666669,[0.01090098 0.        ],2,False
109,2,5.349999999999989,100.0,[0.05 0.  ],1,True
109,3,21.609999999999957,33.333333333333336,[0.2 0. ],0,True
109,4,0.0,33.333333333333336,[0.19007877 0.        ],0,False
110,0,54.89998918404123,166.66666666666669,[0.00378372 0.        ],2,True
110,1,0.0,166.66666666666669,[0.01090098 0.        ],2,False
110,2,5.399999999999989,100.0,[0.05 0.  ],1,True
110,3,21.809999999999956,33.333333333333336,[0.2 0. ],0,True
110,4,0.0,33.333333333333336,[0.19007877 0.        ],0,False
111,0,55.39997059997468,166.66666666666669,[0.00378372 0.        ],2,True
111,1,0.0,166.66666666666669,[0.01090098 0.        ],2,False
111,2,5.449999999999989,100.0,[0.05 0.  ],1,True
111,3,22.009999999999955,33.333333333333336,[0.2 0. ],0,True
111,4,0.0,33.333333333333336,[0.19007877 0.        ],0,False
112,0,55.8999200883476,166.66666666666669,[0.00378372 0.        ],2,True
112,1,0.0,166.66666666666669,[0.01090098 0.        ],2,False
112,2,5.4999999999999885,100.0,[0.05 0.  ],1,True
112,3,22.209999999999955,33.333333333333336,[0.2 0. ],0,True
112,4,0.0,33.333333333333336,[0.19007877 0.        ],0,False
113,0,56.399782821203765,166.66666666666669,[0.00378372 0.        ],2,True
113,1,0.0,166.66666666666669,[0.01090098 0.        ],2,False
113,2,5.549999999999988,100.0,[0.05 0.  ],1,True
113,3,22.409999999999954,33.333333333333336,[0.2 0. ],0,True
113,4,0.0,33.333333333333336,[0.19007877 0.        ],0,False
114,0,56.89940996865251,166.66666666666669,[0.00378372 0.        ],2,True
114,1,0.0,166.66666666666669,[0.01090098 0.        ],2,False
114,2,5.599999999999988,100.0,[0.05 0.  ],1,True
114,3,22.609999999999953,33.333333333333336,[0.2 0. ],0,True
114,4,0.0,33.333333333333336,[0.19007877 0.        ],0,False
115,0,57.39839850033971,166.66666666666669,[0.00378372 0.        ],2,True
115,1,0.0,166.66666666666669,[0.01090098 0.        ],2,False
115,2,5.649999999999988,100.0,[0.05 0.  ],1,True
115,3,22.809999999999953,33.333333333333336,[0.2 0. ],0,True
115,4,0.0,33.333333333333336,[0.19007877 0.        ],0,False
116,0,57.895664075165435,166.66666666666669,[0.00378372 0.        ],2,True
116,1,0.0,166.66666666666669,[0.01090098 0.        ],2,False
116,2,5.699999999999988,100.0,[0.05 0.  ],1,True
116,3,23.009999999999952,33.333333333333336,[0.2 0. ],0,True
116,4,0.0,33.333333333333336,[0.19007877 0.        ],0,False
117,0,58.388339907153295,166.66666666666669,[0.00378372 0.        ],2,True
117,1,0.0,166.66666666666669,[0.01090098 0.        ],2,False
117,2,5.749999999999988,100.0,[0.05 0.  ],1,True
117,3,23.20999999999995,33.333333333333336,[0.2 0. ],0,True
117,4,0.0,33.333333333333336,[0.19007877 0.        ],0,False
118,0,58.86919115078746,166.66666666666669,[0.00378372 0.        ],2,True
118,1,0.0,166.66666666666669,[0.01090098 0.        ],2,False
118,2,5.799999999999987,100.0,[0.05 0.  ],1,True
118,3,23.40999999999995,33.333333333333336,[0.2 0. ],0,True
118,4,0.0,33.333333333333336,[0.19007877 0.        ],0,False
119,0,59.32201512763508,166.66666666666669,[0.00378372 0.        ],2,True
119,1,0.0,166.66666666666669,[0.01090098 0.        ],2,False
119,2,5.849999999999987,100.0,[0.05 0.  ],1,True
119,3,23.60999999999995,33.333333333333336,[0.2 0. ],0,True
119,4,0.0,33.333333333333336,[0.19007877 0.        ],0,False
120,0,59.71956707504311,166.66666666666669,[0.00378372 0.        ],2,True
120,1,0.0,166.66666666666669,[0.01090098 0.        ],2,False
120,2,5.899999999999987,100.0,[0.05 0.  ],1,True
120,3,23.80999999999995,33.333333333333336,[0.2 0. ],0,True
120,4,0.0,33.333333333333336,[0.19007877 0.        ],0,False
121,0,60.037893503825565,166.66666666666669,[0.00378372 0.        ],2,True
121,1,0.0,166.66666666666669,[0.01090098 0.        ],2,False
121,2,5.949999999999987,100.0,[0.05 0.  ],1,True
121,3,24.00999999999995,33.333333333333336,[0.2 0. ],0,True
121,4,0.0,33.333333333333336,[0.19007877 0.        ],0,False
122,0,60.27842465959551,166.66666666666669,[0.00378372 0.        ],2,True
122,1,0.0,166.66666666666669,[0.01090098 0.        ],2,False
122,2,5.999999999999987,100.0,[0.05 0.  ],1,True
122,3,24.209999999999948,33.333333333333336,[0.2 0. ],0,True
122,4,0.0,33.333333333333336,[0.19007877 0.        ],0,False
123,0,60.46056304929927,166.66666666666669,[0.00378372 0.        ],2,True
123,1,0.0,166.66666666666669,[0.01090098 0.        ],2,False
123,2,6.0499999999999865,100.0,[0.05 0.  ],1,True
123,3,24.409999999999947,33.333333333333336,[0.2 0. ],0,True
123,4,0.0,33.333333333333336,[0.19007877 0.        ],0,False
124,0,60.602927299060156,166.66666666666669,[0.00378372 0.        ],2,True
124,1,0.0,166.66666666666669,[0.01090098 0.        ],2,False
124,2,6.099999999999986,100.0,[0.05 0.  ],1,True
124,3,24.609999999999946,33.333333333333336,[0.2 0. ],0,True
124,4,0.0,33.333333333333336,[0.19007877 0.        ],0,False
125,0,60.71814497595337,166.66666666666669,[0.00378372 0.        ],2,True
125,1,0.0,166.66666666666669,[0.01090098 0.        ],2,False
125,2,6.149999999999986,100.0,[0.05 0.  ],1,True
125,3,24.809999999999945,33.333333333333336,[0.2 0. ],0,True
125,4,0.0,33.333333333333336,[0.19007877 0.        ],0,False
126,0,60.814205240116,166.66666666666669,[0.00378372 0.        ],2,True
126,1,0.0,166.66666666666669,[0.01090098 0.        ],2,False
126,2,6.199999999999986,100.0,[0.05 0.  ],1,True
126,3,25.009999999999945,33.333333333333336,[0.2 0. ],0,True
126,4,0.0,33.333333333333336,[0.19007877 0.        ],0,False
127,0,60.895583046373865,166.66666666666669,[0.00378372 0.        ],2,True
127,1,0.0,166.66666666666669,[0.01090098 0.        ],2,False
127,2,6.249999999999986,100.0,[0.05 0.  ],1,True
127,3,25.209999999999944,33.333333333333336,[0.2 0. ],0,True
127,4,0.0,33.333333333333336,[0.19007877 0.        ],0,False
128,0,60.964386287937884,166.66666666666669,[0.00378372 0.        ],2,True
128,1,0.0,166.66666666666669,[0.01090098 0.        ],2,False
128,2,6.299999999999986,100.0,[0.05 0.  ],1,True
128,3,25.409999999999943,33.333333333333336,[0.2 0. ],0,True
128,4,0.0,33.333333333333336,[0.19007877 0.        ],0,False
129,0,61.02387109028683,166.66666666666669,[0.00378372 0.        ],2,True
129,1,0.0,166.66666666666669,[0.01090098 0.        ],2,False
129,2,6.349999999999985,100.0,[0.05 0.  ],1,True
129,3,25.609999999999943,33.333333333333336,[0.2 0. ],0,True
129,4,0.0,33.333333333333336,[0.19007877 0.        ],0,False
130,0,61.07638134444182,166.66666666666669,[0.00378372 0.        ],2,True
130,1,0.0,166.66666666666669,[0.01090098 0.        ],2,False
130,2,6.399999999999985,100.0,[0.05 0.  ],1,True
130,3,25.809999999999942,33.333333333333336,[0.2 0. ],0,True
130,4,0.0,33.333333333333336,[0.19007877 0.        ],0,False
131,0,61.123475599036915,166.66666666666669,[0.00378372 0.        ],2,True
131,1,0.0,166.66666666666669,[0.01090098 0.        ],2,False
131,2,6.449999999999985,100.0,[0.05 0.  ],1,True
131,3,26.00999999999994,33.333333333333336,[0.2 0. ],0,True
131,4,0.0,33.333333333333336,[0.19007877 0.        ],0,False
132,0,61.1662235204777,166.66666666666669,[0.00378372 0.        ],2,True
132,1,0.0,166.66666666666669,[0.01090098 0.        ],2,False
132,2,6.499999999999985,100.0,[0.05 0.  ],1,True
132,3,26.20999999999994,33.333333333333336,[0.2 0. ],0,True
132,4,0.0,33.333333333333336,[0.19007877 0.        ],0,False
133,0,61.20539392730837,166.66666666666669,[0.00378372 0.        ],2,True
133,1,0.0,166.66666666666669,[0.01090098 0.        ],2,False
133,2,6.549999999999985,100.0,[0.05 0.  ],1,True
133,3,26.40999999999994,33.333333333333336,[0.2 0. ],0,True
133,4,0.0,33.333333333333336,[0.19007877 0.        ],0,False
134,0,61.24156126119008,166.66666666666669,[0.00378372 0.        ],2,True
134,1,0.0,166.66666666666669,[0.01090098 0.        ],2,False
134,2,6.5999999999999845,100.0,[0.05 0.  ],1,True
134,3,26.60999999999994,33.333333333333336,[0.2 0. ],0,True
134,4,0.0,33.333333333333336,[0.19007877 0.        ],0,False
135,0,61.275167891539695,166.66666666666669,[0.00378372 0.        ],2,True
135,1,0.0,166.66666666666669,[0.01090098 0.        ],2,False
135,2,6.649999999999984,100.0,[0.05 0.  ],1,True
135,3,26.80999999999994,33.333333333333336,[0.2 0. ],0,True
135,4,0.0,33.333333333333336,[0.19007877 0.        ],0,False
136,0,61.30656271582191,166.66666666666669,[0.00378372 0.        ],2,True
136,1,0.0,166.66666666666669,[0.01090098 0.        ],2,False
136,2,6.699999999999984,100.0,[0.05 0.  ],1,True
136,3,27.009999999999938,33.333333333333336,[0.2 0. ],0,True
136,4,0.0,33.333333333333336,[0.19007877 0.        ],0,False
137,0,61.336026314594896,166.66666666666669,[0.00378372 0.        ],2,True
137,1,0.0,166.66666666666669,[0.01090098 0.        ],2,False
137,2,6.749999999999984,100.0,[0.05 0.  ],1,True
137,3,27.209999999999937,33.333333333333336,[0.2 0. ],0,True
137,4,0.0,33.333333333333336,[0.19007877 0.        ],0,False
138,0,61.363788021503474,166.66666666666669,[0.00378372 0.        ],2,True
138,1,0.0,166.66666666666669,[0.01090098 0.        ],2,False
138,2,6.799999999999984,100.0,[0.05 0.  ],1,True
138,3,27.409999999999936,33.333333333333336,[0.2 0. ],0,True
138,4,0.0,33.333333333333336,[0.19007877 0.        ],0,False
139,0,61.39003788990233,166.66666666666669,[0.00378372 0.        ],2,True
139,1,0.0,166.66666666666669,[0.01090098 0.        ],2,False
139,2,6.849999999999984,100.0,[0.05 0.  ],1,True
139,3,27.609999999999935,33.333333333333336,[0.2 0. ],0,True
139,4,0.0,33.333333333333336,[0.19007877 0.        ],0,False
140,0,61.41493530993792,166.66666666666669,[0.00378372 0.        ],2,True
140,1,0.0,166.66666666666669,[0.01090098 0.        ],2,False
140,2,6.8999999999999835,100.0,[0.05 0.  ],1,True
140,3,27.809999999999935,33.333333333333336,[0.2 0. ],0,True
140,4,0.0,33.333333333333336,[0.19007877 0.        ],0,False
141,0,61.438615355666606,166.66666666666669,[0.00378372 0.        ],2,True
141,1,0.0,166.66666666666669,[0.01090098 0.        ],2,False
141,2,6.949999999999983,100.0,[0.05 0.  ],1,True
141,3,28.009999999999934,33.333333333333336,[0.2 0. ],0,True
141,4,0.0,33.333333333333336,[0.19007877 0.        ],0,False
142,0,61.461193551907144,166.66666666666669,[0.00378372 0.        ],2,True
142,1,0.0,166.66666666666669,[0.01090098 0.        ],2,False
142,2,6.999999999999983,100.0,[0.05 0.  ],1,True
142,3,28.209999999999933,33.333333333333336,[0.2 0. ],0,True
142,4,0.0,33.333333333333336,[0.19007877 0.        ],0,False
143,0,61.48276951535118,166.66666666666669,[0.00378372 0.        ],2,True
143,1,0.0,166.66666666666669,[0.01090098 0.        ],2,False
143,2,7.049999999999983,100.0,[0.05 0.  ],1,True
143,3,28.409999999999933,33.333333333333336,[0.2 0. ],0,True
143,4,0.0,33.333333333333336,[0.19007877 0.        ],0,False
144,0,61.50342977751908,166.66666666666669,[0.00378372 0.        ],2,True
144,1,0.0,166.66666666666669,[0.01090098 0.        ],2,False
144,2,7.099999999999983,100.0,[0.05 0.  ],1,True
144,3,28.609999999999932,33.333333333333336,[0.2 0. ],0,True
144,4,0.0,33.333333333333336,[0.19007877 0.        ],0,False
145,0,61.5232500025544,166.66666666666669,[0.00378372 0.        ],2,True
145,1,0.0,166.66666666666669,[0.01090098 0.        ],2,False
145,2,7.149999999999983,100.0,[0.05 0.  ],1,True
145,3,28.80999999999993,33.333333333333336,[0.2 0. ],0,True
145,4,0.0,33.333333333333336,[0.19007877 0.        ],0,False
146,0,61.542296750355696,166.66666666666669,[0.00378372 0.        ],2,True
146,1,0.0,166.66666666666669,[0.01090098 0.        ],2,False
146,2,7.199999999999982,100.0,[0.05 0.  ],1,True
146,3,29.00999999999993,33.333333333333336,[0.2 0. ],0,True
146,4,0.0,33.333333333333336,[0.19007877 0.        ],0,False
147,0,61.56062889330839,166.66666666666669,[0.00378372 0.        ],2,True
147,1,0.0,166.66666666666669,[0.01090098 0.        ],2,False
147,2,7.249999999999982,100.0,[0.05 0.  ],1,True
147,3,29.20999999999993,33.333333333333336,[0.2 0. ],0,True
147,4,0.0,33.333333333333336,[0.19007877 0.        ],0,False
148,0,61.57829876575451,166.66666666666669,[0.00378372 0.        ],2,True
148,1,0.0,166.66666666666669,[0.01090098 0.        ],2,False
148,2,7.299999999999982,100.0,[0.05 0.  ],1,True
148,3,29.40999999999993,33.333333333333336,[0.2 0. ],0,True
148,4,0.0,33.333333333333336,[0.19007877 0.        ],0,False
149,0,61.59535310488973,166.66666666666669,[0.00378372 0.        ],2,True
149,1,0.0,166.66666666666669,[0.01090098 0.        ],2,False
149,2,7.349999999999982,100.0,[0.05 0.  ],1,True
149,3,29.60999999999993,33.333333333333336,[0.2 0. ],0,True
149,4,0.0,33.333333333333336,[0.19007877 0.        ],0,False
150,0,61.61183382718587,166.66666666666669,[0.00378372 0.        ],2,True
150,1,0.5,166.66666666666669,[0.01090098 0.        ],2,True
150,2,7.399999999999982,100.0,[0.05 0.  ],1,True
150,3,29.809999999999928,33.333333333333336,[0.2 0. ],0,True
150,4,9.866803984959206e-11,33.333333333333336,[0.19007877 0.        ],0,True
151,0,61.62777867387096,166.66666666666669,[0.00378372 0.        ],2,True
151,1,1.0,166.66666666666669,[0.01090098 0.        ],2,True
151,2,7.4499999999999815,100.0,[0.05 0.  ],1,True
151,3,30.009999999999927,33.333333333333336,[0.2 0. ],0,True
151,4,2.458634603540232e-10,33.333333333333336,[0.19007877 0.        ],0,True
152,0,61.64322175124478,166.66666666666669,[0.00378372 0.        ],2,True
152,1,1.5,166.66666666666669,[0.01090098 0.        ],2,True
152,2,7.499999999999981,100.0,[0.05 0.  ],1,True
152,3,30.209999999999926,33.333333333333336,[0.2 0. ],0,True
152,4,4.6545321941458965e-10,33.333333333333336,[0.19007877 0.        ],0,True
153,0,61.65819398584676,166.66666666666669,[0.00378372 0.        ],2,True
153,1,2.0,166.66666666666669,[0.01090098 0.        ],2,True
153,2,7.549999999999981,100.0,[0.05 0.  ],1,True
153,3,30.409999999999926,33.333333333333336,[0.2 0. ],0,True
153,4,7.93042647138543e-10,33.333333333333336,[0.19007877 0.        ],0,True
154,0,61.67272351016441,166.66666666666669,[0.00378372 0.        ],2,True
154,1,2.5,166.66666666666669,[0.01090098 0.        ],2,True
154,2,7.599999999999981,100.0,[0.05 0.  ],1,True
154,3,30.609999999999925,33.333333333333336,[0.2 0. ],0,True
154,4,1.2817486434318022e-09,33.333333333333336,[0.19007877 0.        ],0,True
155,0,61.686835991284156,166.66666666666669,[0.00378372 0.        ],2,True
155,1,3.0,166.66666666666669,[0.01090098 0.        ],2,True
155,2,7.649999999999981,100.0,[0.05 0.  ],1,True
155,3,30.809999999999924,33.333333333333336,[0.2 0. ],0,True
155,4,2.0108123207330313e-09,33.333333333333336,[0.19007877 0.        ],0,True
156,0,61.700554912366876,166.66666666666669,[0.00378372 0.        ],2,True
156,1,3.5,166.66666666666669,[0.01090098 0.        ],2,True
156,2,7.699999999999981,100.0,[0.05 0.  ],1,True
156,3,31.009999999999923,33.333333333333336,[0.2 0. ],0,True
156,4,3.0984475134236427e-09,33.333333333333336,[0.19007877 0.        ],0,True
157,0,61.713901814881766,166.66666666666669,[0.00378372 0.        ],2,True
157,1,4.0,166.66666666666669,[0.01090098 0.        ],2,True
157,2,7.7499999999999805,100.0,[0.05 0.  ],1,True
157,3,31.209999999999923,33.333333333333336,[0.2 0. ],0,True
157,4,4.721008546964224e-09,33.333333333333336,[0.19007877 0.        ],0,True
158,0,61.72689650801209,166.66666666666669,[0.00378372 0.        ],2,True
158,1,4.5,166.66666666666669,[0.01090098 0.        ],2,True
158,2,7.79999999999998,100.0,[0.05 0.  ],1,True
158,3,31.409999999999922,33.333333333333336,[0.2 0. ],0,True
158,4,7.141585154492535e-09,33.333333333333336,[0.19007877 0.        ],0,True
159,0,61.73955725045145,166.66666666666669,[0.00378372 0.        ],2,True
159,1,4.999999999999999,166.66666666666669,[0.01090098 0.        ],2,True
159,2,7.84999999999998,100.0,[0.05 0.  ],1,True
159,3,31.60999999999992,33.333333333333336,[0.2 0. ],0,True
159,4,1.0752661081075046e-08,33.333333333333336,[0.19007877 0.        ],0,True
160,0,61.75190090886295,166.66666666666669,[0.00378372 0.        ],2,True
160,1,5.499999999999997,166.66666666666669,[0.01090098 0.        ],2,True
160,2,7.89999999999998,100.0,[0.05 0.  ],1,True
160,3,31.80999999999992,33.333333333333336,[0.2 0. ],0,True
160,4,1.6139753251550344e-08,33.333333333333336,[0.19007877 0.        ],0,True
161,0,61.763943096519185,166.66666666666669,[0.00378372 0.        ],2,True
161,1,5.999999999999994,166.66666666666669,[0.01090098 0.        ],2,True
161,2,7.94999999999998,100.0,[0.05 0.  ],1,True
161,3,32.00999999999992,33.333333333333336,[0.2 0. ],0,True
161,4,2.417635020955678e-08,33.333333333333336,[0.19007877 0.        ],0,True
162,0,61.77569829503539,166.66666666666669,[0.00378372 0.        ],2,True
162,1,6.499999999999984,166.66666666666669,[0.01090098 0.        ],2,True
162,2,7.99999999999998,100.0,[0.05 0.  ],1,True
162,3,32.20999999999992,33.333333333333336,[0.2 0. ],0,True
162,4,3.616554362295021e-08,33.333333333333336,[0.19007877 0.        ],0,True
163,0,61.78717996161923,166.66666666666669,[0.00378372 0.        ],2,True
163,1,6.999999999999957,166.66666666666669,[0.01090098 0.        ],2,True
163,2,8.04999999999998,100.0,[0.05 0.  ],1,True
163,3,32.409999999999926,33.333333333333336,[0.2 0. ],0,True
163,4,5.405131753514563e-08,33.333333333333336,[0.19007877 0.        ],0,True
164,0,61.798400623863714,166.66666666666669,[0.00378372 0.        ],2,True
164,1,7.499999999999887,166.66666666666669,[0.01090098 0.        ],2,True
164,2,8.09999999999998,100.0,[0.05 0.  ],1,True
164,3,32.60999999999993,33.333333333333336,[0.2 0. ],0,True
164,4,8.073375473519808e-08,33.333333333333336,[0.19007877 0.        ],0,True
165,0,61.80937196378542,166.66666666666669,[0.00378372 0.        ],2,True
165,1,7.999999999999701,166.66666666666669,[0.01090098 0.        ],2,True
165,2,8.14999999999998,100.0,[0.05 0.  ],1,True
165,3,32.80999999999993,33.333333333333336,[0.2 0. ],0,True
165,4,1.2053926895841506e-07,33.333333333333336,[0.19007877 0.        ],0,True
166,0,61.8201048925442,166.66666666666669,[0.00378372 0.        ],2,True
166,1,8.499999999999206,166.66666666666669,[0.01090098 0.        ],2,True
166,2,8.199999999999982,100.0,[0.05 0.  ],1,True
166,3,33.009999999999934,33.333333333333336,[0.2 0. ],0,True
166,4,1.799221079800976e-07,33.333333333333336,[0.19007877 0.        ],0,True
167,0,61.830609617061,166.66666666666669,[0.00378372 0.        ],2,True
167,1,8.999999999997888,166.66666666666669,[0.01090098 0.        ],2,True
167,2,8.249999999999982,100.0,[0.05 0.  ],1,True
167,3,33.20999999999994,33.333333333333336,[0.2 0. ],0,True
167,4,2.685108711391943e-07,33.333333333333336,[0.19007877 0.        ],0,True
168,0,61.84089569956865,166.66666666666669,[0.00378372 0.        ],2,True
168,1,9.499999999994376,166.66666666666669,[0.01090098 0.        ],2,True
168,2,8.299999999999983,100.0,[0.05 0.  ],1,True
168,3,33.40999999999994,33.333333333333336,[0.2 0. ],0,True
168,4,4.006697254193245e-07,33.333333333333336,[0.19007877 0.        ],0,True
169,0,61.85097211097902,166.66666666666669,[0.00378372 0.        ],2,True
169,1,9.999999999985022,166.66666666666669,[0.01090098 0.        ],2,True
169,2,8.349999999999984,100.0,[0.05 0.  ],1,True
169,3,33.60999999999994,33.333333333333336,[0.2 0. ],0,True
169,4,5.978274557819388e-07,33.333333333333336,[0.19007877 0.        ],0,True
170,0,61.860847278823464,166.66666666666669,[0.00378372 0.        ],2,True
170,1,10.499999999960089,166.66666666666669,[0.01090098 0.        ],2,True
170,2,8.399999999999984,100.0,[0.05 0.  ],1,True
170,3,33.809999999999945,33.333333333333336,[0.2 0. ],0,True
170,4,8.919519769672758e-07,33.333333333333336,[0.19007877 0.        ],0,True
171,0,61.87052913041719,166.66666666666669,[0.00378372 0.        ],2,True
171,1,10.999999999893614,166.66666666666669,[0.01090098 0.        ],2,True
171,2,8.449999999999985,100.0,[0.05 0.  ],1,True
171,3,34.00999999999995,33.333333333333336,[0.2 0. ],0,True
171,4,1.330733644801464e-06,33.333333333333336,[0.19007877 0.        ],0,True
172,0,61.88002513180898,166.66666666666669,[0.00378372 0.        ],2,True
172,1,11.499999999716318,166.66666666666669,[0.01090098 0.        ],2,True
172,2,8.499999999999986,100.0,[0.05 0.  ],1,True
172,3,34.20999999999995,33.333333333333336,[0.2 0. ],0,True
172,4,1.9853177340132912e-06,33.333333333333336,[0.19007877 0.        ],0,True
173,0,61.88934232300168,166.66666666666669,[0.00378372 0.        ],2,True
173,1,11.999999999243274,166.66666666666669,[0.01090098 0.        ],2,True
173,2,8.549999999999986,100.0,[0.05 0.  ],1,True
173,3,34.409999999999954,33.333333333333336,[0.2 0. ],0,True
173,4,2.961839685920503e-06,33.333333333333336,[0.19007877 0.        ],0,True
174,0,61.898487349865015,166.66666666666669,[0.00378372 0.        ],2,True
174,1,12.49999999798071,166.66666666666669,[0.01090098 0.        ],2,True
174,2,8.599999999999987,100.0,[0.05 0.  ],1,True
174,3,34.60999999999996,33.333333333333336,[0.2 0. ],0,True
174,4,4.418633111216877e-06,33.333333333333336,[0.19007877 0.        ],0,True
175,0,61.90746649310746,166.66666666666669,[0.00378372 0.        ],2,True
175,1,12.99999999460979,166.66666666666669,[0.01090098 0.        ],2,True
175,2,8.649999999999988,100.0,[0.05 0.  ],1,True
175,3,34.80999999999996,33.333333333333336,[0.2 0. ],0,True
175,4,6.5918998570495906e-06,33.333333333333336,[0.19007877 0.        ],0,True
176,0,61.9162856946272,166.66666666666669,[0.00378372 0.        ],2,True
176,1,13.499999985606886,166.66666666666669,[0.01090098 0.        ],2,True
176,2,8.699999999999989,100.0,[0.05 0.  ],1,True
176,3,35.00999999999996,33.333333333333336,[0.2 0. ],0,True
176,4,9.834002450848499e-06,33.333333333333336,[0.19007877 0.        ],0,True
177,0,61.9249505815224,166.66666666666669,[0.00378372 0.        ],2,True
177,1,13.999999961554904,166.66666666666669,[0.01090098 0.        ],2,True
177,2,8.74999999999999,100.0,[0.05 0.  ],1,True
177,3,35.209999999999965,33.333333333333336,[0.2 0. ],0,True
177,4,1.4670583491258504e-05,33.333333333333336,[0.19007877 0.        ],0,True
178,0,61.93346648800632,166.66666666666669,[0.00378372 0.        ],2,True
178,1,14.499999897278958,166.66666666666669,[0.01090098 0.        ],2,True
178,2,8.79999999999999,100.0,[0.05 0.  ],1,True
178,3,35.40999999999997,33.333333333333336,[0.2 0. ],0,True
178,4,2.1885763919524024e-05,33.333333333333336,[0.19007877 0.        ],0,True
179,0,61.94183847544345,166.66666666666669,[0.00378372 0.        ],2,True
179,1,14.999999725460034,166.66666666666669,[0.01090098 0.        ],2,True
179,2,8.84999999999999,100.0,[0.05 0.  ],1,True
179,3,35.60999999999997,33.333333333333336,[0.2 0. ],0,True
179,4,3.264921309453685e-05,33.333333333333336,[0.19007877 0.        ],0,True
180,0,61.950071350697165,166.66666666666669,[0.00378372 0.        ],2,True
180,1,15.499999266035594,166.66666666666669,[0.01090098 0.        ],2,True
180,2,8.899999999999991,100.0,[0.05 0.  ],1,True
180,3,35.809999999999974,33.333333333333336,[0.2 0. ],0,True
180,4,4.870564651912959e-05,33.333333333333336,[0.19007877 0.        ],0,True
181,0,61.958169682957084,166.66666666666669,[0.00378372 0.        ],2,True
181,1,15.99999803725771,166.66666666666669,[0.01090098 0.        ],2,True
181,2,8.949999999999992,100.0,[0.05 0.  ],1,True
181,3,36.00999999999998,33.333333333333336,[0.2 0. ],0,True
181,4,7.265737073335174e-05,33.333333333333336,[0.19007877 0.        ],0,True
182,0,61.96613781919516,166.66666666666669,[0.00378372 0.        ],2,True
182,1,16.499994749922603,166.66666666666669,[0.01090098 0.        ],2,True
182,2,8.999999999999993,100.0,[0.05 0.  ],1,True
182,3,36.20999999999998,33.333333333333336,[0.2 0. ],0,True
182,4,0.00010838545159923018,33.333333333333336,[0.19007877 0.        ],0,True
183,0,61.973979898382716,166.66666666666669,[0.00378372 0.        ],2,True
183,1,16.999985953232844,166.66666666666669,[0.01090098 0.        ],2,True
183,2,9.049999999999994,100.0,[0.05 0.  ],1,True
183,3,36.40999999999998,33.333333333333336,[0.2 0. ],0,True
183,4,0.0001616772694484794,33.333333333333336,[0.19007877 0.        ],0,True
184,0,61.981699864586,166.66666666666669,[0.00378372 0.        ],2,True
184,1,17.499962408821908,166.66666666666669,[0.01090098 0.        ],2,True
184,2,9.099999999999994,100.0,[0.05 0.  ],1,True
184,3,36.609999999999985,33.333333333333336,[0.2 0. ],0,True
184,4,0.0002411610454707203,33.333333333333336,[0.19007877 0.        ],0,True
185,0,61.98930147904488,166.66666666666669,[0.00378372 0.        ],2,True
185,1,17.999899382075938,166.66666666666669,[0.01090098 0.        ],2,True
185,2,9.149999999999995,100.0,[0.05 0.  ],1,True
185,3,36.80999999999999,33.333333333333336,[0.2 0. ],0,True
185,4,0.00035969626948136204,33.333333333333336,[0.19007877 0.        ],0,True
186,0,61.99678833132827,166.66666666666669,[0.00378372 0.        ],2,True
186,1,18.499730660820106,166.66666666666669,[0.01090098 0.        ],2,True
186,2,9.199999999999996,100.0,[0.05 0.  ],1,True
186,3,37.00999999999999,33.333333333333336,[0.2 0. ],0,True
186,4,0.0005364397177857657,33.333333333333336,[0.19007877 0.        ],0,True
187,0,62.0041638496497,166.66666666666669,[0.00378372 0.        ],2,True
187,1,18.99927915260161,166.66666666666669,[0.01090098 0.        ],2,True
187,2,9.249999999999996,100.0,[0.05 0.  ],1,True
187,3,37.209999999999994,33.333333333333336,[0.2 0. ],0,True
187,4,0.0007999093012857185,33.333333333333336,[0.19007877 0.        ],0,True
188,0,62.01143131041808,166.66666666666669,[0.00378372 0.        ],2,True
188,1,19.49807245488309,166.66666666666669,[0.01090098 0.        ],2,True
188,2,9.299999999999997,100.0,[0.05 0.  ],1,True
188,3,37.41,33.333333333333336,[0.2 0. ],0,True
188,4,0.0011925143753353442,33.333333333333336,[0.19007877 0.        ],0,True
189,0,62.0185938470907,166.66666666666669,[0.00378372 0.        ],2,True
189,1,19.994859731015424,166.66666666666669,[0.01090098 0.        ],2,True
189,2,9.349999999999998,100.0,[0.05 0.  ],1,True
189,3,37.61,33.333333333333336,[0.2 0. ],0,True
189,4,0.0017772251672550324,33.333333333333336,[0.19007877 0.        ],0,True
190,0,62.02565445838889,166.66666666666669,[0.00378372 0.        ],2,True
190,1,20.48639470041403,166.66666666666669,[0.01090098 0.        ],2,True
190,2,9.399999999999999,100.0,[0.05 0.  ],1,True
190,3,37.81,33.333333333333336,[0.2 0. ],0,True
190,4,0.002647327402371239,33.333333333333336,[0.19007877 0.        ],0,True
191,0,62.032616015930785,166.66666666666669,[0.00378372 0.        ],2,True
191,1,20.964684666601357,166.66666666666669,[0.01090098 0.        ],2,True
191,2,9.45,100.0,[0.05 0.  ],1,True
191,3,38.010000000000005,33.333333333333336,[0.2 0. ],0,True
191,4,0.003940550542536853,33.333333333333336,[0.19007877 0.        ],0,True
192,0,62.039481271330054,166.66666666666669,[0.00378372 0.        ],2,True
192,1,21.41250004546338,166.66666666666669,[0.01090098 0.        ],2,True
192,2,9.5,100.0,[0.05 0.  ],1,True
192,3,38.21000000000001,33.333333333333336,[0.2 0. ],0,True
192,4,0.005859233223593866,33.333333333333336,[0.19007877 0.        ],0,True
193,0,62.04625286280506,166.66666666666669,[0.00378372 0.        ],2,True
193,1,21.802657772814413,166.66666666666669,[0.01090098 0.        ],2,True
193,2,9.55,100.0,[0.05 0.  ],1,True
193,3,38.41000000000001,33.333333333333336,[0.2 0. ],0,True
193,4,0.008698479518792573,33.333333333333336,[0.19007877 0.        ],0,True
194,0,62.052933321338365,166.66666666666669,[0.00378372 0.        ],2,True
194,1,22.113952188969904,166.66666666666669,[0.01090098 0.        ],2,True
194,2,9.600000000000001,100.0,[0.05 0.  ],1,True
194,3,38.610000000000014,33.333333333333336,[0.2 0. ],0,True
194,4,0.012884186917819807,33.333333333333336,[0.19007877 0.        ],0,True
195,0,62.05952507642283,166.66666666666669,[0.00378372 0.        ],2,True
195,1,22.350358830766034,166.66666666666669,[0.01090098 0.        ],2,True
195,2,9.650000000000002,100.0,[0.05 0.  ],1,True
195,3,38.81000000000002,33.333333333333336,[0.2 0. ],0,True
195,4,0.01902185873605566,33.333333333333336,[0.19007877 0.        ],0,True
196,0,62.066030461427374,166.66666666666669,[0.00378372 0.        ],2,True
196,1,22.531132247330348,166.66666666666669,[0.01090098 0.        ],2,True
196,2,9.700000000000003,100.0,[0.05 0.  ],1,True
196,3,39.01000000000002,33.333333333333336,[0.2 0. ],0,True
196,4,0.027954438983289774,33.333333333333336,[0.19007877 0.        ],0,True
197,0,62.07245171861205,166.66666666666669,[0.00378372 0.        ],2,True
197,1,22.673880198347536,166.66666666666669,[0.01090098 0.        ],2,True
197,2,9.750000000000004,100.0,[0.05 0.  ],1,True
197,3,39.21000000000002,33.333333333333336,[0.2 0. ],0,True
197,4,0.04082222643356682,33.333333333333336,[0.19007877 0.        ],0,True
198,0,62.07879100381977,166.66666666666669,[0.00378372 0.        ],2,True
198,1,22.79049371462199,166.66666666666669,[0.01090098 0.        ],2,True
198,2,9.800000000000004,100.0,[0.05 0.  ],1,True
198,3,39.410000000000025,33.333333333333336,[0.2 0. ],0,True
198,4,0.05911039623499072,33.333333333333336,[0.19007877 0.        ],0,True
199,0,62.085050390869355,166.66666666666669,[0.00378372 0.        ],2,True
199,1,22.888540837843497,166.66666666666669,[0.01090098 0.        ],2,True
199,2,9.850000000000005,100.0,[0.05 0.  ],1,True
199,3,39.61000000000003,33.333333333333336,[0.2 0. ],0,True
199,4,0.08466242834005175,33.333333333333336,[0.19007877 0.        ],0,True
200,0,62.09123187567251,166.66666666666669,[0.00378372 0.        ],2,True
200,1,22.972578908295517,166.66666666666669,[0.01090098 0.        ],2,True
200,2,9.900000000000006,100.0,[0.05 0.  ],1,True
200,3,39.81000000000003,33.333333333333336,[0.2 0. ],0,True
200,4,0.11963648456730361,33.333333333333336,[0.19007877 0.        ],0,True
201,0,62.09733738009525,166.66666666666669,[0.00378372 0.        ],2,True
201,1,23.044209902136394,166.66666666666669,[0.01090098 0.        ],2,True
201,2,9.950000000000006,100.0,[0.05 0.  ],1,True
201,3,40.01000000000003,33.333333333333336,[0.2 0. ],0,True
201,4,0.16639196575290216,33.333333333333336,[0.19007877 0.        ],0,True
202,0,62.10336875558262,166.66666666666669,[0.00378372 0.        ],2,True
202,1,23.106557520449364,166.66666666666669,[0.01090098 0.        ],2,True
202,2,10.000000000000007,100.0,[0.05 0.  ],1,True
202,3,40.210000000000036,33.333333333333336,[0.2 0. ],0,True
202,4,0.22731383237303893,33.333333333333336,[0.19007877 0.        ],0,True
203,0,62.10932778656407,166.66666666666669,[0.00378372 0.        ],2,True
203,1,23.16194023251702,166.66666666666669,[0.01090098 0.        ],2,True
203,2,10.050000000000008,100.0,[0.05 0.  ],1,True
203,3,40.41000000000004,33.333333333333336,[0.2 0. ],0,True
203,4,0.3046022863909001,33.333333333333336,[0.19007877 0.        ],0,True
204,0,62.115216193655,166.66666666666669,[0.00378372 0.        ],2,True
204,1,23.211911775661253,166.66666666666669,[0.01090098 0.        ],2,True
204,2,10.100000000000009,100.0,[0.05 0.  ],1,True
204,3,40.61000000000004,33.333333333333336,[0.2 0. ],0,True
204,4,0.40006320743000345,33.333333333333336,[0.19007877 0.        ],0,True
205,0,62.12103563666916,166.66666666666669,[0.00378372 0.        ],2,True
205,1,23.257539407872603,166.66666666666669,[0.01090098 0.        ],2,True
205,2,10.15000000000001,100.0,[0.05 0.  ],1,True
205,3,40.810000000000045,33.333333333333336,[0.2 0. ],0,True
205,4,0.5149277515351596,33.333333333333336,[0.19007877 0.        ],0,True
206,0,62.12678771745509,166.66666666666669,[0.00378372 0.        ],2,True
206,1,23.299589640136112,166.66666666666669,[0.01090098 0.        ],2,True
206,2,10.20000000000001,100.0,[0.05 0.  ],1,True
206,3,41.01000000000005,33.333333333333336,[0.2 0. ],0,True
206,4,0.6497155339292506,33.333333333333336,[0.19007877 0.        ],0,True
207,0,62.132473982568825,166.66666666666669,[0.00378372 0.        ],2,True
207,1,23.338634761266732,166.66666666666669,[0.01090098 0.        ],2,True
207,2,10.25000000000001,100.0,[0.05 0.  ],1,True
207,3,41.21000000000005,33.333333333333336,[0.2 0. ],0,True
207,4,0.800534380383099,33.333333333333336,[0.19007877 0.        ],0,True
208,0,62.138095925794104,166.66666666666669,[0.00378372 0.        ],2,True
208,1,23.375115264316204,166.66666666666669,[0.01090098 0.        ],2,True
208,2,10.300000000000011,100.0,[0.05 0.  ],1,True
208,3,41.41000000000005,33.333333333333336,[0.2 0. ],0,True
208,4,0.9549094629225664,33.333333333333336,[0.19007877 0.        ],0,True
209,0,62.143654990520375,166.66666666666669,[0.00378372 0.        ],2,True
209,1,23.409378466144616,166.66666666666669,[0.01090098 0.        ],2,True
209,2,10.350000000000012,100.0,[0.05 0.  ],1,True
209,3,41.610000000000056,33.333333333333336,[0.2 0. ],0,True
209,4,1.1124181538342315,33.333333333333336,[0.19007877 0.        ],0,True
210,0,62.14915257198818,166.66666666666669,[0.00378372 0.        ],2,True
210,1,23.441703634798614,166.66666666666669,[0.01090098 0.        ],2,True
210,2,10.400000000000013,100.0,[0.05 0.  ],1,True
210,3,41.81000000000006,33.333333333333336,[0.2 0. ],0,True
210,4,1.2727012174020487,33.333333333333336,[0.19007877 0.        ],0,True
211,0,62.1545900194107,166.66666666666669,[0.00378372 0.        ],2,True
211,1,23.472319019955947,166.66666666666669,[0.01090098 0.        ],2,True
211,2,10.450000000000014,100.0,[0.05 0.  ],1,True
211,3,42.01000000000006,33.333333333333336,[0.2 0. ],0,True
211,4,1.4354522549447384,33.333333333333336,[0.19007877 0.        ],0,True
212,0,62.15996863797952,166.66666666666669,[0.00378372 0.        ],2,True
212,1,23.501413781288925,166.66666666666669,[0.01090098 0.        ],2,True
212,2,10.500000000000014,100.0,[0.05 0.  ],1,True
212,3,42.210000000000065,33.333333333333336,[0.2 0. ],0,True
212,4,1.6004088657671363,33.333333333333336,[0.19007877 0.        ],0,True
213,0,62.165289690762215,166.66666666666669,[0.00378372 0.        ],2,True
213,1,23.529146572407537,166.66666666666669,[0.01090098 0.        ],2,True
213,2,10.550000000000015,100.0,[0.05 0.  ],1,True
213,3,42.41000000000007,33.333333333333336,[0.2 0. ],0,True
213,4,1.7673453305192108,33.333333333333336,[0.19007877 0.        ],0,True
214,0,62.170554400498624,166.66666666666669,[0.00378372 0.        ],2,True
214,1,23.555651860452425,166.66666666666669,[0.01090098 0.        ],2,True
214,2,10.600000000000016,100.0,[0.05 0.  ],1,True
214,3,42.61000000000007,33.333333333333336,[0.2 0. ],0,True
214,4,1.936066589684345,33.333333333333336,[0.19007877 0.        ],0,True
215,0,62.17576395130226,166.66666666666669,[0.00378372 0.        ],2,True
215,1,23.581044670463566,166.66666666666669,[0.01090098 0.        ],2,True
215,2,10.650000000000016,100.0,[0.05 0.  ],1,True
215,3,42.81000000000007,33.333333333333336,[0.2 0. ],0,True
215,4,2.106403298415572,33.333333333333336,[0.19007877 0.        ],0,True
216,0,62.1809194902728,166.66666666666669,[0.00378372 0.        ],2,True
216,1,23.605424208227937,166.66666666666669,[0.01090098 0.        ],2,True
216,2,10.700000000000017,100.0,[0.05 0.  ],1,True
216,3,43.010000000000076,33.333333333333336,[0.2 0. ],0,True
216,4,2.278207764299831,33.333333333333336,[0.19007877 0.        ],0,True
217,0,62.18602212902524,166.66666666666669,[0.00378372 0.        ],2,True
217,1,23.628876668404327,166.66666666666669,[0.01090098 0.        ],2,True
217,2,10.750000000000018,100.0,[0.05 0.  ],1,True
217,3,43.21000000000008,33.333333333333336,[0.2 0. ],0,True
217,4,2.451350604413963,33.333333333333336,[0.19007877 0.        ],0,True
218,0,62.19107294514073,166.66666666666669,[0.00378372 0.        ],2,True
218,1,23.65147744024296,166.66666666666669,[0.01090098 0.        ],2,True
218,2,10.800000000000018,100.0,[0.05 0.  ],1,True
218,3,43.41000000000008,33.333333333333336,[0.2 0. ],0,True
218,4,2.6257179865947164,33.333333333333336,[0.19007877 0.        ],0,True
219,0,62.196072983543964,166.66666666666669,[0.00378372 0.        ],2,True
219,1,23.673292860847045,166.66666666666669,[0.01090098 0.        ],2,True
219,2,10.85000000000002,100.0,[0.05 0.  ],1,True
219,3,43.61000000000008,33.333333333333336,[0.2 0. ],0,True
219,4,2.8012093449674196,33.333333333333336,[0.19007877 0.        ],0,True
220,0,62.201023257811464,166.66666666666669,[0.00378372 0.        ],2,True
220,1,23.694381623798257,166.66666666666669,[0.01090098 0.        ],2,True
220,2,10.90000000000002,100.0,[0.05 0.  ],1,True
220,3,43.81000000000007,33.333333333333336,[0.2 0. ],0,True
220,4,2.9777354809125485,33.333333333333336,[0.19007877 0.        ],0,True
221,0,62.20592475141496,166.66666666666669,[0.00378372 0.        ],2,True
221,1,23.71479592193508,166.66666666666669,[0.01090098 0.        ],2,True
221,2,10.95000000000002,100.0,[0.05 0.  ],1,True
221,3,44.01000000000007,33.333333333333336,[0.2 0. ],0,True
221,4,3.155216977987756,33.333333333333336,[0.19007877 0.        ],0,True
222,0,62.21077841890363,166.66666666666669,[0.00378372 0.        ],2,True
222,1,23.7345823826981,166.66666666666669,[0.01090098 0.        ],2,True
222,2,11.000000000000021,100.0,[0.05 0.  ],1,True
222,3,44.210000000000065,33.333333333333336,[0.2 0. ],0,True
222,4,3.3335828733417356,33.333333333333336,[0.19007877 0.        ],0,True
223,0,62.21558518702879,166.66666666666669,[0.00378372 0.        ],2,True
223,1,23.7537828399228,166.66666666666669,[0.01090098 0.        ],2,True
223,2,11.050000000000022,100.0,[0.05 0.  ],1,True
223,3,44.41000000000006,33.333333333333336,[0.2 0. ],0,True
223,4,3.5127695393983545,33.333333333333336,[0.19007877 0.        ],0,True
224,0,62.22034595581442,166.66666666666669,[0.00378372 0.        ],2,True
224,1,23.772434975439772,166.66666666666669,[0.01090098 0.        ],2,True
224,2,11.100000000000023,100.0,[0.05 0.  ],1,True
224,3,44.610000000000056,33.333333333333336,[0.2 0. ],0,True
224,4,3.6927197385667117,33.333333333333336,[0.19007877 0.        ],0,True
225,0,62.22506159957652,166.66666666666669,[0.00378372 0.        ],2,True
225,1,23.79057285612325,166.66666666666669,[0.01090098 0.        ],2,True
225,2,11.150000000000023,100.0,[0.05 0.  ],1,True
225,3,44.810000000000045,33.333333333333336,[0.2 0. ],0,True
225,4,3.8733818208898283,33.333333333333336,[0.19007877 0.        ],0,True
226,0,62.22973296789435,166.66666666666669,[0.00378372 0.        ],2,True
226,1,23.808227386295506,166.66666666666669,[0.01090098 0.        ],2,True
226,2,11.200000000000024,100.0,[0.05 0.  ],1,True
226,3,45.01000000000003,33.333333333333336,[0.2 0. ],0,True
226,4,4.054709040251366,33.333333333333336,[0.19007877 0.        ],0,True
227,0,62.234360886536116,166.66666666666669,[0.00378372 0.        ],2,True
227,1,23.825426691087568,166.66666666666669,[0.01090098 0.        ],2,True
227,2,11.250000000000025,100.0,[0.05 0.  ],1,True
227,3,45.210000000000015,33.333333333333336,[0.2 0. ],0,True
227,4,4.236658969316154,33.333333333333336,[0.19007877 0.        ],0,True
228,0,62.238946158341754,166.66666666666669,[0.00378372 0.        ],2,True
228,1,23.842196443087317,166.66666666666669,[0.01090098 0.        ],2,True
228,2,11.300000000000026,100.0,[0.05 0.  ],1,True
228,3,45.40999999999999,33.333333333333336,[0.2 0. ],0,True
228,4,4.419192997026141,33.333333333333336,[0.19007877 0.        ],0,True
229,0,62.24348956406511,166.66666666666669,[0.00378372 0.        ],2,True
229,1,23.858560142099925,166.66666666666669,[0.01090098 0.        ],2,True
229,2,11.350000000000026,100.0,[0.05 0.  ],1,True
229,3,45.60999999999995,33.333333333333336,[0.2 0. ],0,True
229,4,4.602275895398654,33.333333333333336,[0.19007877 0.        ],0,True
230,0,62.24799186317775,166.66666666666669,[0.00378372 0.        ],2,True
230,1,23.874539355907558,166.66666666666669,[0.01090098 0.        ],2,True
230,2,11.400000000000027,100.0,[0.05 0.  ],1,True
230,3,45.80999999999989,33.333333333333336,[0.2 0. ],0,True
230,4,4.785875444728343,33.333333333333336,[0.19007877 0.        ],0,True
231,0,62.25245379463654,166.66666666666669,[0.00378372 0.        ],2,True
231,1,23.890153928403628,166.66666666666669,[0.01090098 0.        ],2,True
231,2,11.450000000000028,100.0,[0.05 0.  ],1,True
231,3,46.00999999999979,33.333333333333336,[0.2 0. ],0,True
231,4,4.9699621081957215,33.333333333333336,[0.19007877 0.        ],0,True
232,0,62.256876077616816,166.66666666666669,[0.00378372 0.        ],2,True
232,1,23.90542216028883,166.66666666666669,[0.01090098 0.        ],2,True
232,2,11.500000000000028,100.0,[0.05 0.  ],1,True
232,3,46.20999999999965,33.333333333333336,[0.2 0. ],0,True
232,4,5.15450874842634,33.333333333333336,[0.19007877 0.        ],0,True
233,0,62.26125941221316,166.66666666666669,[0.00378372 0.        ],2,True
233,1,23.92036096657533,166.66666666666669,[0.01090098 0.        ],2,True
233,2,11.55000000000003,100.0,[0.05 0.  ],1,True
233,3,46.40999999999944,33.333333333333336,[0.2 0. ],0,True
233,4,5.339490379798342,33.333333333333336,[0.19007877 0.        ],0,True
234,0,62.26560448010926,166.66666666666669,[0.00378372 0.        ],2,True
234,1,23.934986014395445,166.66666666666669,[0.01090098 0.        ],2,True
234,2,11.60000000000003,100.0,[0.05 0.  ],1,True
234,3,46.609999999999125,33.333333333333336,[0.2 0. ],0,True
234,4,5.524883951319676,33.333333333333336,[0.19007877 0.        ],0,True
235,0,62.26991194521873,166.66666666666669,[0.00378372 0.        ],2,True
235,1,23.9493118440092,166.66666666666669,[0.01090098 0.        ],2,True
235,2,11.65000000000003,100.0,[0.05 0.  ],1,True
235,3,46.80999999999866,33.333333333333336,[0.2 0. ],0,True
235,4,5.710668155735116,33.333333333333336,[0.19007877 0.        ],0,True
236,0,62.27418245429814,166.66666666666669,[0.00378372 0.        ],2,True
236,1,23.963351975419236,166.66666666666669,[0.01090098 0.        ],2,True
236,2,11.700000000000031,100.0,[0.05 0.  ],1,True
236,3,47.00999999999796,33.333333333333336,[0.2 0. ],0,True
236,4,5.896823261213096,33.333333333333336,[0.19007877 0.        ],0,True
237,0,62.278416637533894,166.66666666666669,[0.00378372 0.        ],2,True
237,1,23.97711900260685,166.66666666666669,[0.01090098 0.        ],2,True
237,2,11.750000000000032,100.0,[0.05 0.  ],1,True
237,3,47.20999999999692,33.333333333333336,[0.2 0. ],0,True
237,4,6.083330962531997,33.333333333333336,[0.19007877 0.        ],0,True
238,0,62.28261510910417,166.66666666666669,[0.00378372 0.        ],2,True
238,1,23.9906246770807,166.66666666666669,[0.01090098 0.        ],2,True
238,2,11.800000000000033,100.0,[0.05 0.  ],1,True
238,3,47.409999999995364,33.333333333333336,[0.2 0. ],0,True
238,4,6.270174249157329,33.333333333333336,[0.19007877 0.        ],0,True
239,0,62.28677846771722,166.66666666666669,[0.00378372 0.        ],2,True
239,1,24.00387998216533,166.66666666666669,[0.01090098 0.        ],2,True
239,2,11.850000000000033,100.0,[0.05 0.  ],1,True
239,3,47.60999999999304,33.333333333333336,[0.2 0. ],0,True
239,4,6.45733728799355,33.333333333333336,[0.19007877 0.        ],0,True
240,0,62.29090729712719,166.66666666666669,[0.00378372 0.        ],2,True
240,1,24.01689519923852,166.66666666666669,[0.01090098 0.        ],2,True
240,2,11.900000000000034,100.0,[0.05 0.  ],1,True
240,3,47.80999999998958,33.333333333333336,[0.2 0. ],0,True
240,4,6.644805318921559,33.333333333333336,[0.19007877 0.        ],0,True
241,0,62.29500216662865,166.66666666666669,[0.00378372 0.        ],2,True
241,1,24.02967996694568,166.66666666666669,[0.01090098 0.        ],2,True
241,2,11.950000000000035,100.0,[0.05 0.  ],1,True
241,3,48.009999999984416,33.333333333333336,[0.2 0. ],0,True
241,4,6.832564561506836,33.333333333333336,[0.19007877 0.        ],0,True
242,0,62.29906363153075,166.66666666666669,[0.00378372 0.        ],2,True
242,1,24.042243334269173,166.66666666666669,[0.01090098 0.        ],2,True
242,2,12.000000000000036,100.0,[0.05 0.  ],1,True
242,3,48.209999999976716,33.333333333333336,[0.2 0. ],0,True
242,4,7.02060213149325,33.333333333333336,[0.19007877 0.        ],0,True
243,0,62.30309223361217,166.66666666666669,[0.00378372 0.        ],2,True
243,1,24.054593808204626,166.66666666666669,[0.01090098 0.        ],2,True
243,2,12.050000000000036,100.0,[0.05 0.  ],1,True
243,3,48.40999999996522,33.333333333333336,[0.2 0. ],0,True
243,4,7.208905965891399,33.333333333333336,[0.19007877 0.        ],0,True
244,0,62.30708850155763,166.66666666666669,[0.00378372 0.        ],2,True
244,1,24.066739396690846,166.66666666666669,[0.01090098 0.        ],2,True
244,2,12.100000000000037,100.0,[0.05 0.  ],1,True
244,3,48.60999999994808,33.333333333333336,[0.2 0. ],0,True
244,4,7.397464755634147,33.333333333333336,[0.19007877 0.        ],0,True
245,0,62.31105295137695,166.66666666666669,[0.00378372 0.        ],2,True
245,1,24.07868764735101,166.66666666666669,[0.01090098 0.        ],2,True
245,2,12.150000000000038,100.0,[0.05 0.  ],1,True
245,3,48.8099999999225,33.333333333333336,[0.2 0. ],0,True
245,4,7.586267884910849,33.333333333333336,[0.19007877 0.        ],0,True
246,0,62.314986086807465,166.66666666666669,[0.00378372 0.        ],2,True
246,1,24.09044568252767,166.66666666666669,[0.01090098 0.        ],2,True
246,2,12.200000000000038,100.0,[0.05 0.  ],1,True
246,3,49.00999999988435,33.333333333333336,[0.2 0. ],0,True
246,4,7.775305376409848,33.333333333333336,[0.19007877 0.        ],0,True
247,0,62.31888839970058,166.66666666666669,[0.00378372 0.        ],2,True
247,1,24.102020231030313,166.66666666666669,[0.01090098 0.        ],2,True
247,2,12.250000000000039,100.0,[0.05 0.  ],1,True
247,3,49.20999999982743,33.333333333333336,[0.2 0. ],0,True
247,4,7.964567841799405,33.333333333333336,[0.19007877 0.        ],0,True
248,0,62.322760370393205,166.66666666666669,[0.00378372 0.        ],2,True
248,1,24.11341765695992,166.66666666666669,[0.01090098 0.        ],2,True
248,2,12.30000000000004,100.0,[0.05 0.  ],1,True
248,3,49.409999999742524,33.333333333333336,[0.2 0. ],0,True
248,4,8.154046436863336,33.333333333333336,[0.19007877 0.        ],0,True
249,0,62.32660246806477,166.66666666666669,[0.00378372 0.        ],2,True
249,1,24.124643985928575,166.66666666666669,[0.01090098 0.        ],2,True
249,2,12.35000000000004,100.0,[0.05 0.  ],1,True
249,3,49.60999999961585,33.333333333333336,[0.2 0. ],0,True
249,4,8.343732820781334,33.333333333333336,[0.19007877 0.        ],0,True
250,0,62.33041515108053,166.66666666666669,[0.00378372 0.        ],2,True
250,1,24.135704928952414,166.66666666666669,[0.01090098 0.        ],2,True
250,2,12.400000000000041,100.0,[0.05 0.  ],1,True
250,3,49.809999999426886,33.333333333333336,[0.2 0. ],0,True
250,4,8.533619119107387,33.333333333333336,[0.19007877 0.        ],0,True
251,0,62.33419886732171,166.66666666666669,[0.00378372 0.        ],2,True
251,1,24.146605904262106,166.66666666666669,[0.01090098 0.        ],2,True
251,2,12.450000000000042,100.0,[0.05 0.  ],1,True
251,3,50.00999999914497,33.333333333333336,[0.2 0. ],0,True
251,4,8.723697890054323,33.333333333333336,[0.19007877 0.        ],0,True
